,AD,ALS,BipolarDisorder,MigraineDisorder,PartialEpilepsy,PD,Schizophrenia,UnipolarDepression
AD,0.0,2.964386570638831,3.012065542852681,2.974155841933212,3.304887257459658,3.0809092057255048,3.331534197468832,3.1758551275794997
ALS,2.964386570638831,0.0,2.6215741288329757,2.5779284417204864,2.9559834602399127,2.7003913754988873,3.0345675948502873,2.810588425717848
BipolarDisorder,3.012065542852681,2.6215741288329757,0.0,2.5526173219264336,2.72004897404786,2.752646812040156,2.8011202684830185,2.6405174962117415
MigraineDisorder,2.974155841933212,2.5779284417204864,2.5526173219264336,0.0,2.945872918792955,2.7111120621360603,3.044111690229781,2.820890344260789
PartialEpilepsy,3.304887257459658,2.9559834602399127,2.72004897404786,2.945872918792955,0.0,3.069260054608561,3.333086368308011,3.1701018162099195
PD,3.0809092057255048,2.7003913754988873,2.752646812040156,2.7111120621360603,3.069260054608561,0.0,3.1449309259787905,2.9332270448327695
Schizophrenia,3.331534197468832,3.0345675948502873,2.8011202684830185,3.044111690229781,3.333086368308011,3.1449309259787905,0.0,3.1141065118196027
UnipolarDepression,3.1758551275794997,2.810588425717848,2.6405174962117415,2.820890344260789,3.1701018162099195,2.9332270448327695,3.1141065118196027,0.0
